300;Sucker Punch;2011
301;Looper;2012
302;Tenet;2020
303;Everything Everywhere All at Once;2022
304;The Handmaiden;2016
305;The Batman;2022
306;Top Gun: Maverick;2022
307;The Wailing;2016
308;American Psycho;2000
309;GoodFellas;1990
310;Nightcrawler;2014
311;Mission: Impossible – Fallout;2018
312;Forrest Gump;1994
313;The Perks of Being a Wallflower;2012
314;The Dark Knight;2008
315;The Hunger Games;2012
316;Mean Girls;2004
317;Meet Joe Black;1998
318;Knives Out;2019
319;Dune: Part Two;2024
320;Twilight;2008
321;Harry Potter and the Prisoner of Azkaban;2004
322;Final Destination;2000
323;Notting Hill;1999
324;Now You See Me;2013
325;The Social Network;2010
326;Pirates of the Caribbean: The Curse of the Black Pearl;2003
327;Requiem for a Dream;2000
328;Soul;2020
329;Princess Mononoke;1997
330;Easy A;2010
331;Alice in Wonderland;2010
332;Star Wars: The Force Awakens;2015
333;Cruella;2021
334;National Treasure;2004
335;National Treasure: Book of Secrets;2007
336;The Twilight Saga: Breaking Dawn – Part 2;2012
337;The Twilight Saga: Breaking Dawn – Part 1;2011
338;The Super Mario Bros. Movie;2023
339;Bride Wars;2009
340;Pitch Perfect 2;2015
341;Shang-Chi and the Legend of the Ten Rings;2021
342;The Idea of You;2024
343;Sex and the City;2008
344;Imagine Me & You;2005
